ID Venda,Data do Pedido,Categoria,Vendas,Método de Pagamento
0,2022-11-24,Alimentos,71.34,Boleto
1,2022-03-23,Eletrônicos,20.47,Cartão de Crédito
2,2022-09-06,Bebidas,160.41,Pix
3,2023-12-18,Limpeza,19.51,Boleto
4,2023-03-18,Bebidas,63.33,Cartão de Crédito
5,2023-01-20,Alimentos,95.1,Cartão de Crédito
6,2023-08-28,Eletrônicos,195.17,Pix
7,2022-12-16,Alimentos,98.68,Pix
8,2023-12-25,Higiene,194.47,Cartão de Crédito
9,2022-03-20,Higiene,17.96,Pix
10,2022-12-06,Alimentos,114.01,Dinheiro
11,2022-08-05,Bebidas,54.33,Boleto
12,2023-05-29,Limpeza,54.05,Cartão de Crédito
13,2023-12-01,Bebidas,53.45,Dinheiro
14,2022-07-06,Higiene,57.75,Pix
15,2023-12-10,Alimentos,91.95,Cartão de Crédito
16,2022-10-09,Bebidas,165.38,Dinheiro
17,2023-07-26,Eletrônicos,125.44,Pix
18,2022-12-16,Alimentos,90.47,Pix
19,2022-09-20,Limpeza,125.3,Pix
20,2022-07-28,Higiene,84.31,Dinheiro
21,2023-12-26,Eletrônicos,195.33,Boleto
22,2023-03-21,Higiene,177.24,Pix
23,2023-09-26,Limpeza,145.76,Boleto
24,2023-02-23,Limpeza,86.64,Pix
25,2022-11-30,Higiene,184.07,Pix
26,2024-01-15,Higiene,188.64,Boleto
27,2023-11-02,Limpeza,110.12,Pix
28,2023-05-22,Alimentos,79.03,Cartão de Crédito
29,2022-07-28,Bebidas,5.23,Cartão de Crédito
30,2023-03-22,Eletrônicos,165.39,Dinheiro
31,2022-09-10,Higiene,48.97,Pix
32,2022-09-06,Alimentos,151.99,Boleto
33,2023-12-30,Alimentos,76.19,Pix
34,2023-02-04,Bebidas,199.81,Cartão de Crédito
35,2022-02-27,Limpeza,27.65,Cartão de Crédito
36,2022-02-10,Higiene,171.43,Dinheiro
37,2022-04-30,Alimentos,179.57,Pix
38,2023-12-02,Eletrônicos,6.34,Dinheiro
39,2023-07-31,Limpeza,182.71,Cartão de Crédito
40,2022-04-26,Limpeza,16.36,Cartão de Crédito
41,2023-08-16,Limpeza,45.58,Cartão de Crédito
42,2023-12-21,Alimentos,130.4,Cartão de Crédito
43,2023-07-23,Eletrônicos,168.23,Boleto
44,2023-02-16,Higiene,123.64,Boleto
45,2023-05-10,Limpeza,137.78,Dinheiro
46,2022-04-30,Bebidas,37.03,Boleto
47,2022-08-04,Limpeza,193.33,Cartão de Crédito
48,2022-05-22,Higiene,116.58,Pix
49,2023-04-09,Bebidas,88.6,Pix
50,2023-02-23,Limpeza,197.99,Cartão de Crédito
51,2022-09-30,Alimentos,25.72,Dinheiro
52,2023-02-26,Bebidas,162.33,Dinheiro
53,2023-12-12,Alimentos,26.48,Boleto
54,2022-06-05,Limpeza,184.52,Boleto
55,2022-08-01,Alimentos,99.12,Boleto
56,2023-01-10,Eletrônicos,197.75,Boleto
57,2023-07-16,Higiene,126.06,Cartão de Crédito
58,2022-04-03,Bebidas,21.46,Pix
59,2024-01-09,Eletrônicos,170.09,Dinheiro
60,2022-07-06,Eletrônicos,109.17,Boleto
61,2022-12-30,Alimentos,97.58,Cartão de Crédito
62,2022-02-14,Eletrônicos,153.49,Dinheiro
63,2023-01-10,Alimentos,139.83,Cartão de Crédito
64,2023-04-23,Alimentos,81.31,Dinheiro
65,2023-09-29,Limpeza,170.67,Cartão de Crédito
66,2022-10-15,Limpeza,25.11,Dinheiro
67,2022-03-13,Eletrônicos,86.6,Boleto
68,2022-11-03,Alimentos,189.84,Pix
69,2022-03-25,Alimentos,185.38,Boleto
70,2023-10-18,Bebidas,98.48,Boleto
71,2023-04-19,Limpeza,15.81,Dinheiro
72,2022-12-17,Limpeza,65.78,Dinheiro
73,2022-06-28,Higiene,105.27,Dinheiro
74,2023-07-27,Alimentos,174.98,Boleto
75,2023-10-19,Alimentos,132.62,Boleto
76,2022-03-16,Bebidas,46.02,Boleto
77,2023-10-29,Eletrônicos,8.2,Pix
78,2023-10-23,Alimentos,166.13,Boleto
79,2023-09-08,Bebidas,114.92,Cartão de Crédito
80,2022-10-03,Bebidas,127.6,Pix
81,2022-08-13,Limpeza,100.23,Pix
82,2022-03-14,Limpeza,56.22,Cartão de Crédito
83,2023-03-03,Limpeza,117.85,Cartão de Crédito
84,2023-06-19,Limpeza,172.99,Pix
85,2023-10-22,Bebidas,177.19,Cartão de Crédito
86,2022-03-17,Eletrônicos,72.87,Cartão de Crédito
87,2022-08-25,Limpeza,153.08,Boleto
88,2022-06-07,Limpeza,79.36,Pix
89,2022-05-09,Alimentos,16.62,Boleto
90,2023-10-22,Higiene,97.99,Pix
91,2023-11-04,Limpeza,116.22,Pix
92,2022-11-15,Limpeza,15.88,Boleto
93,2022-04-02,Alimentos,34.68,Dinheiro
94,2022-04-19,Eletrônicos,182.8,Boleto
95,2023-09-27,Higiene,20.53,Cartão de Crédito
96,2023-02-20,Higiene,79.88,Boleto
97,2023-07-05,Eletrônicos,86.48,Dinheiro
98,2023-04-17,Limpeza,48.66,Pix
99,2023-10-02,Limpeza,150.64,Boleto
100,2022-05-10,Bebidas,84.34,Cartão de Crédito
101,2024-01-13,Limpeza,199.29,Cartão de Crédito
102,2023-06-12,Eletrônicos,96.31,Dinheiro
103,2022-05-05,Limpeza,72.96,Pix
104,2024-01-09,Eletrônicos,183.64,Cartão de Crédito
105,2022-12-18,Bebidas,50.87,Pix
106,2023-04-22,Limpeza,67.08,Cartão de Crédito
107,2023-02-02,Bebidas,158.46,Dinheiro
108,2023-05-01,Limpeza,99.27,Boleto
109,2023-01-22,Limpeza,117.03,Dinheiro
110,2023-08-13,Limpeza,52.16,Dinheiro
111,2022-11-25,Alimentos,60.45,Dinheiro
112,2023-01-08,Higiene,190.41,Boleto
113,2023-05-26,Eletrônicos,6.83,Boleto
114,2022-02-20,Eletrônicos,116.68,Pix
115,2022-02-27,Bebidas,23.26,Cartão de Crédito
116,2022-08-23,Eletrônicos,34.34,Boleto
117,2022-06-29,Alimentos,177.47,Cartão de Crédito
118,2023-04-14,Bebidas,5.25,Dinheiro
119,2022-11-19,Eletrônicos,21.15,Boleto
120,2023-02-06,Eletrônicos,24.85,Pix
121,2023-05-14,Limpeza,56.86,Dinheiro
122,2022-12-20,Eletrônicos,124.39,Dinheiro
123,2023-04-10,Higiene,86.6,Cartão de Crédito
124,2022-06-30,Alimentos,166.2,Boleto
125,2023-11-13,Higiene,175.52,Cartão de Crédito
126,2022-04-06,Eletrônicos,56.23,Boleto
127,2023-05-02,Bebidas,194.59,Cartão de Crédito
128,2023-09-02,Higiene,79.05,Pix
129,2023-06-07,Alimentos,177.12,Dinheiro
130,2022-12-17,Bebidas,71.45,Boleto
131,2022-07-04,Higiene,20.65,Boleto
132,2022-11-20,Higiene,196.49,Boleto
133,2023-06-10,Alimentos,8.85,Dinheiro
134,2022-12-31,Alimentos,116.76,Cartão de Crédito
135,2023-07-30,Eletrônicos,148.79,Cartão de Crédito
136,2022-08-13,Higiene,18.26,Pix
137,2022-03-05,Higiene,152.75,Pix
138,2022-10-18,Limpeza,113.5,Dinheiro
139,2024-01-03,Alimentos,120.73,Pix
140,2022-08-16,Limpeza,112.14,Cartão de Crédito
141,2023-05-06,Alimentos,122.31,Dinheiro
142,2023-02-18,Higiene,139.14,Boleto
143,2023-05-30,Bebidas,97.84,Boleto
144,2022-08-25,Eletrônicos,164.85,Cartão de Crédito
145,2022-11-20,Eletrônicos,109.78,Pix
146,2022-11-21,Bebidas,154.96,Boleto
147,2023-03-31,Higiene,26.69,Cartão de Crédito
148,2022-02-12,Eletrônicos,173.15,Dinheiro
149,2022-02-25,Eletrônicos,122.81,Pix
150,2022-11-09,Alimentos,178.52,Boleto
151,2022-12-23,Limpeza,53.72,Boleto
152,2022-10-19,Higiene,144.43,Boleto
153,2023-02-02,Eletrônicos,67.12,Pix
154,2023-01-17,Eletrônicos,185.01,Boleto
155,2023-01-23,Limpeza,48.63,Dinheiro
156,2023-11-06,Limpeza,31.55,Pix
157,2022-05-28,Higiene,54.1,Dinheiro
158,2022-06-11,Higiene,43.38,Pix
159,2023-10-20,Limpeza,53.89,Boleto
160,2022-02-12,Alimentos,54.11,Boleto
161,2023-12-09,Alimentos,74.96,Pix
162,2022-08-23,Bebidas,89.84,Dinheiro
163,2024-01-18,Limpeza,36.88,Pix
164,2022-03-05,Limpeza,85.72,Dinheiro
165,2023-01-22,Limpeza,138.32,Pix
166,2022-06-03,Limpeza,135.79,Pix
167,2022-11-08,Alimentos,152.24,Cartão de Crédito
168,2022-08-31,Alimentos,180.7,Cartão de Crédito
169,2023-07-11,Bebidas,16.94,Boleto
170,2022-09-30,Eletrônicos,7.23,Dinheiro
171,2022-09-02,Alimentos,111.39,Pix
172,2023-06-17,Higiene,58.92,Cartão de Crédito
173,2023-03-02,Eletrônicos,184.1,Cartão de Crédito
174,2022-09-09,Bebidas,10.46,Cartão de Crédito
175,2022-05-18,Higiene,188.7,Dinheiro
176,2023-03-08,Bebidas,194.33,Cartão de Crédito
177,2022-09-09,Alimentos,198.26,Dinheiro
178,2023-09-02,Higiene,55.51,Pix
179,2023-04-14,Eletrônicos,30.97,Pix
180,2023-11-06,Alimentos,195.91,Pix
181,2023-10-27,Higiene,190.14,Boleto
182,2022-02-12,Eletrônicos,39.85,Dinheiro
183,2022-11-19,Eletrônicos,196.59,Cartão de Crédito
184,2022-01-24,Eletrônicos,73.53,Pix
185,2022-10-12,Higiene,179.43,Cartão de Crédito
186,2022-05-16,Eletrônicos,77.14,Cartão de Crédito
187,2023-02-09,Limpeza,8.08,Cartão de Crédito
188,2023-11-17,Eletrônicos,49.64,Dinheiro
189,2022-12-31,Alimentos,83.87,Pix
190,2022-10-12,Higiene,31.97,Cartão de Crédito
191,2022-04-09,Alimentos,17.72,Cartão de Crédito
192,2023-10-25,Limpeza,199.32,Pix
193,2022-09-01,Higiene,160.26,Cartão de Crédito
194,2022-09-27,Alimentos,91.01,Pix
195,2022-06-04,Alimentos,98.79,Dinheiro
196,2023-05-30,Limpeza,75.06,Dinheiro
197,2023-07-06,Limpeza,197.53,Boleto
198,2023-06-16,Bebidas,74.37,Dinheiro
199,2022-07-17,Higiene,26.48,Cartão de Crédito
200,2022-03-12,Eletrônicos,183.52,Boleto
201,2023-10-22,Higiene,56.85,Cartão de Crédito
202,2022-06-07,Bebidas,147.21,Cartão de Crédito
203,2023-08-03,Alimentos,25.87,Boleto
204,2023-06-12,Bebidas,167.92,Boleto
205,2022-02-18,Alimentos,52.95,Boleto
206,2023-01-17,Eletrônicos,105.49,Boleto
207,2023-04-19,Eletrônicos,14.48,Dinheiro
208,2023-02-26,Limpeza,50.97,Boleto
209,2023-08-28,Limpeza,141.28,Pix
210,2023-01-12,Higiene,96.6,Cartão de Crédito
211,2023-01-08,Limpeza,48.22,Cartão de Crédito
212,2022-07-19,Eletrônicos,41.47,Dinheiro
213,2022-06-24,Limpeza,29.48,Pix
214,2023-09-21,Alimentos,112.95,Dinheiro
215,2022-11-19,Alimentos,149.99,Cartão de Crédito
216,2023-10-02,Alimentos,150.52,Boleto
217,2022-11-10,Bebidas,183.96,Cartão de Crédito
218,2022-05-22,Eletrônicos,134.47,Dinheiro
219,2022-09-20,Higiene,175.09,Pix
220,2022-11-24,Higiene,185.85,Pix
221,2023-05-27,Higiene,63.89,Cartão de Crédito
222,2022-03-17,Bebidas,100.0,Cartão de Crédito
223,2023-04-15,Bebidas,126.04,Dinheiro
224,2023-12-03,Higiene,60.97,Pix
225,2022-10-30,Bebidas,65.82,Boleto
226,2023-06-22,Alimentos,91.49,Boleto
227,2022-09-26,Eletrônicos,175.68,Pix
228,2023-07-13,Eletrônicos,159.12,Cartão de Crédito
229,2023-12-06,Limpeza,166.68,Boleto
230,2023-04-22,Alimentos,68.75,Cartão de Crédito
231,2022-05-30,Alimentos,104.63,Cartão de Crédito
232,2022-02-05,Limpeza,37.76,Cartão de Crédito
233,2023-11-29,Limpeza,37.11,Pix
234,2022-04-19,Alimentos,197.1,Cartão de Crédito
235,2022-01-28,Alimentos,8.5,Boleto
236,2022-02-07,Limpeza,195.53,Cartão de Crédito
237,2022-04-10,Alimentos,59.64,Cartão de Crédito
238,2023-06-09,Limpeza,57.62,Cartão de Crédito
239,2023-06-27,Alimentos,81.63,Cartão de Crédito
240,2022-05-28,Limpeza,107.22,Cartão de Crédito
241,2023-09-24,Limpeza,88.9,Cartão de Crédito
242,2023-06-15,Alimentos,52.39,Pix
243,2022-08-08,Bebidas,152.23,Boleto
244,2023-02-13,Limpeza,20.07,Cartão de Crédito
245,2023-03-29,Bebidas,30.15,Cartão de Crédito
246,2023-09-05,Limpeza,45.38,Boleto
247,2022-01-26,Higiene,106.87,Cartão de Crédito
248,2022-12-14,Higiene,122.81,Dinheiro
249,2022-10-22,Alimentos,113.5,Pix
250,2022-12-15,Limpeza,140.11,Dinheiro
251,2022-09-10,Higiene,152.89,Boleto
252,2023-12-06,Higiene,120.88,Pix
253,2022-03-22,Alimentos,50.22,Pix
254,2023-10-19,Limpeza,92.51,Pix
255,2022-12-11,Eletrônicos,111.86,Boleto
256,2023-01-02,Higiene,116.12,Boleto
257,2022-11-24,Eletrônicos,150.97,Cartão de Crédito
258,2022-06-24,Limpeza,158.02,Cartão de Crédito
259,2022-11-14,Higiene,138.84,Dinheiro
260,2023-12-12,Higiene,96.97,Cartão de Crédito
261,2023-01-07,Alimentos,62.51,Dinheiro
262,2023-02-22,Higiene,62.77,Boleto
263,2023-04-19,Higiene,152.45,Cartão de Crédito
264,2022-12-15,Eletrônicos,49.68,Boleto
265,2022-10-21,Limpeza,22.58,Pix
266,2022-04-05,Eletrônicos,175.61,Pix
267,2023-03-09,Alimentos,75.57,Boleto
268,2022-07-19,Higiene,94.53,Dinheiro
269,2023-07-15,Eletrônicos,88.73,Pix
270,2023-07-25,Alimentos,140.03,Cartão de Crédito
271,2023-03-29,Alimentos,46.58,Dinheiro
272,2023-10-20,Higiene,49.91,Boleto
273,2022-07-25,Alimentos,80.66,Boleto
274,2023-05-16,Alimentos,111.18,Dinheiro
275,2022-11-01,Alimentos,54.63,Boleto
276,2022-06-29,Limpeza,89.55,Pix
277,2024-01-07,Eletrônicos,24.33,Cartão de Crédito
278,2022-04-25,Bebidas,15.18,Cartão de Crédito
279,2023-09-19,Limpeza,179.7,Cartão de Crédito
280,2023-10-15,Eletrônicos,17.16,Boleto
281,2022-06-05,Eletrônicos,43.82,Boleto
282,2024-01-01,Limpeza,150.06,Dinheiro
283,2023-01-08,Eletrônicos,187.69,Cartão de Crédito
284,2023-12-02,Eletrônicos,64.56,Boleto
285,2023-03-28,Alimentos,8.57,Boleto
286,2022-08-22,Bebidas,110.43,Boleto
287,2022-02-26,Bebidas,187.19,Dinheiro
288,2022-02-17,Bebidas,153.02,Pix
289,2023-11-01,Higiene,15.05,Pix
290,2023-05-05,Limpeza,197.18,Pix
291,2023-09-11,Eletrônicos,36.03,Cartão de Crédito
292,2023-11-08,Limpeza,24.04,Boleto
293,2023-06-11,Alimentos,96.92,Boleto
294,2023-02-22,Limpeza,20.5,Cartão de Crédito
295,2022-08-31,Bebidas,73.82,Boleto
296,2023-04-26,Higiene,144.78,Pix
297,2023-12-04,Limpeza,56.16,Dinheiro
298,2023-12-24,Eletrônicos,144.86,Dinheiro
299,2023-02-17,Higiene,198.74,Dinheiro
300,2022-10-22,Limpeza,131.28,Cartão de Crédito
301,2023-10-01,Limpeza,60.3,Cartão de Crédito
302,2023-09-26,Bebidas,192.29,Pix
303,2022-03-13,Higiene,138.46,Cartão de Crédito
304,2023-03-25,Eletrônicos,156.01,Dinheiro
305,2022-04-01,Limpeza,89.31,Boleto
306,2023-07-23,Eletrônicos,174.16,Pix
307,2023-06-15,Bebidas,35.25,Dinheiro
308,2022-11-11,Higiene,25.43,Cartão de Crédito
309,2023-10-10,Bebidas,46.16,Boleto
310,2023-06-26,Alimentos,42.91,Pix
311,2022-11-24,Alimentos,126.4,Cartão de Crédito
312,2022-12-28,Alimentos,104.88,Pix
313,2024-01-21,Higiene,138.01,Pix
314,2023-10-01,Eletrônicos,110.45,Dinheiro
315,2022-02-15,Alimentos,64.2,Dinheiro
316,2022-03-15,Bebidas,143.37,Boleto
317,2022-08-14,Higiene,123.69,Boleto
318,2023-11-09,Alimentos,161.17,Boleto
319,2022-08-11,Eletrônicos,111.59,Cartão de Crédito
320,2023-09-03,Higiene,163.35,Dinheiro
321,2023-07-09,Higiene,7.75,Boleto
322,2022-04-29,Limpeza,45.05,Pix
323,2023-02-07,Eletrônicos,30.22,Dinheiro
324,2023-08-02,Eletrônicos,165.92,Pix
325,2023-10-30,Higiene,123.99,Boleto
326,2022-05-03,Limpeza,190.58,Cartão de Crédito
327,2023-08-13,Limpeza,136.83,Boleto
328,2022-02-26,Bebidas,10.6,Dinheiro
329,2022-08-02,Limpeza,67.92,Boleto
330,2022-10-02,Alimentos,51.61,Cartão de Crédito
331,2022-03-07,Alimentos,103.07,Cartão de Crédito
332,2023-03-19,Bebidas,130.39,Cartão de Crédito
333,2022-09-12,Limpeza,177.54,Dinheiro
334,2023-11-14,Bebidas,20.2,Cartão de Crédito
335,2022-02-26,Alimentos,42.31,Pix
336,2024-01-01,Alimentos,171.53,Boleto
337,2023-04-19,Bebidas,141.82,Dinheiro
338,2023-06-13,Bebidas,120.65,Dinheiro
339,2022-08-24,Bebidas,152.65,Cartão de Crédito
340,2023-08-04,Bebidas,60.55,Dinheiro
341,2022-03-03,Alimentos,133.02,Pix
342,2022-07-24,Alimentos,173.41,Cartão de Crédito
343,2022-02-26,Alimentos,199.31,Pix
344,2022-08-05,Bebidas,194.66,Dinheiro
345,2024-01-20,Higiene,92.26,Boleto
346,2023-09-10,Eletrônicos,113.76,Pix
347,2023-07-26,Higiene,37.74,Dinheiro
348,2023-12-27,Eletrônicos,173.79,Dinheiro
349,2023-11-23,Limpeza,138.29,Boleto
350,2022-11-19,Eletrônicos,115.78,Cartão de Crédito
351,2022-05-13,Alimentos,127.84,Cartão de Crédito
352,2024-01-10,Eletrônicos,184.69,Dinheiro
353,2022-10-27,Eletrônicos,148.03,Boleto
354,2023-02-10,Alimentos,85.71,Dinheiro
355,2023-05-03,Limpeza,90.84,Dinheiro
356,2023-03-07,Limpeza,71.2,Boleto
357,2022-04-27,Alimentos,196.66,Cartão de Crédito
358,2022-09-02,Limpeza,159.91,Dinheiro
359,2023-09-17,Limpeza,157.42,Boleto
360,2023-08-09,Alimentos,7.45,Boleto
361,2023-04-18,Limpeza,96.44,Pix
362,2022-07-06,Higiene,189.67,Pix
363,2022-03-08,Alimentos,143.98,Pix
364,2023-10-26,Eletrônicos,109.03,Cartão de Crédito
365,2023-02-26,Limpeza,24.01,Boleto
366,2023-03-03,Limpeza,107.03,Dinheiro
367,2023-10-05,Limpeza,151.49,Pix
368,2023-04-29,Higiene,32.01,Cartão de Crédito
369,2023-12-15,Bebidas,125.02,Pix
370,2023-09-06,Eletrônicos,43.54,Boleto
371,2023-12-30,Limpeza,173.34,Boleto
372,2022-06-13,Eletrônicos,62.08,Pix
373,2022-12-19,Limpeza,136.01,Dinheiro
374,2022-11-28,Limpeza,57.93,Cartão de Crédito
375,2023-05-25,Eletrônicos,177.49,Cartão de Crédito
376,2023-04-29,Bebidas,182.54,Dinheiro
377,2022-09-13,Higiene,10.56,Dinheiro
378,2023-09-23,Alimentos,172.55,Cartão de Crédito
379,2023-03-28,Limpeza,92.31,Cartão de Crédito
380,2023-02-10,Limpeza,5.84,Boleto
381,2022-08-10,Bebidas,133.27,Pix
382,2022-09-24,Bebidas,54.9,Cartão de Crédito
383,2023-09-07,Alimentos,41.59,Pix
384,2023-05-31,Bebidas,133.66,Boleto
385,2023-08-18,Eletrônicos,75.05,Pix
386,2022-02-23,Higiene,30.4,Dinheiro
387,2022-01-31,Eletrônicos,143.47,Cartão de Crédito
388,2022-09-15,Eletrônicos,44.05,Cartão de Crédito
389,2023-04-22,Limpeza,181.99,Boleto
390,2023-05-21,Higiene,110.28,Boleto
391,2022-03-09,Bebidas,23.09,Pix
392,2023-01-02,Bebidas,175.8,Boleto
393,2023-12-13,Bebidas,173.44,Cartão de Crédito
394,2022-01-25,Bebidas,15.57,Cartão de Crédito
395,2022-05-08,Alimentos,198.86,Dinheiro
396,2022-05-31,Eletrônicos,75.34,Dinheiro
397,2022-08-15,Higiene,175.83,Boleto
398,2023-05-11,Limpeza,88.94,Dinheiro
399,2023-02-16,Bebidas,69.35,Boleto
400,2023-01-05,Limpeza,13.75,Pix
401,2022-06-30,Bebidas,178.1,Dinheiro
402,2022-03-31,Bebidas,85.19,Dinheiro
403,2023-04-11,Bebidas,155.88,Cartão de Crédito
404,2022-12-06,Bebidas,29.46,Dinheiro
405,2022-10-09,Bebidas,155.02,Dinheiro
406,2022-11-19,Bebidas,71.93,Pix
407,2022-07-15,Higiene,23.87,Pix
408,2022-08-09,Eletrônicos,128.67,Dinheiro
409,2023-10-27,Alimentos,169.97,Pix
410,2022-08-02,Alimentos,19.84,Cartão de Crédito
411,2023-07-07,Limpeza,29.51,Pix
412,2023-12-27,Higiene,20.02,Pix
413,2023-09-22,Alimentos,65.66,Cartão de Crédito
414,2023-11-24,Bebidas,30.73,Cartão de Crédito
415,2022-09-14,Limpeza,86.02,Boleto
416,2023-11-12,Limpeza,21.5,Boleto
417,2023-04-17,Higiene,38.87,Cartão de Crédito
418,2023-05-08,Eletrônicos,121.83,Dinheiro
419,2023-10-20,Alimentos,71.08,Boleto
420,2022-03-08,Bebidas,93.23,Pix
421,2022-09-07,Bebidas,73.85,Pix
422,2022-07-18,Limpeza,58.48,Dinheiro
423,2022-08-11,Eletrônicos,70.42,Dinheiro
424,2022-09-23,Eletrônicos,66.59,Pix
425,2023-08-02,Higiene,121.16,Dinheiro
426,2022-05-14,Eletrônicos,23.62,Dinheiro
427,2023-02-14,Bebidas,40.42,Pix
428,2022-05-30,Higiene,131.68,Dinheiro
429,2022-09-14,Higiene,12.72,Pix
430,2022-10-31,Alimentos,76.85,Dinheiro
431,2023-08-07,Alimentos,34.95,Dinheiro
432,2022-12-27,Limpeza,126.26,Dinheiro
433,2023-05-23,Limpeza,118.11,Boleto
434,2023-05-15,Eletrônicos,79.41,Dinheiro
435,2023-06-01,Eletrônicos,51.08,Boleto
436,2022-07-10,Alimentos,117.04,Dinheiro
437,2022-02-12,Limpeza,157.9,Boleto
438,2023-11-07,Higiene,164.77,Pix
439,2023-05-03,Higiene,51.01,Dinheiro
440,2022-09-21,Bebidas,6.41,Dinheiro
441,2022-09-04,Alimentos,16.39,Pix
442,2024-01-01,Bebidas,15.1,Cartão de Crédito
443,2022-09-10,Alimentos,48.8,Boleto
444,2024-01-13,Alimentos,77.24,Pix
445,2022-11-26,Eletrônicos,72.36,Boleto
446,2022-11-07,Eletrônicos,78.34,Pix
447,2022-03-28,Alimentos,168.89,Dinheiro
448,2022-07-26,Eletrônicos,142.16,Dinheiro
449,2024-01-17,Bebidas,75.72,Cartão de Crédito
450,2022-10-20,Eletrônicos,101.57,Dinheiro
451,2022-04-03,Higiene,198.31,Cartão de Crédito
452,2022-05-31,Higiene,194.45,Pix
453,2023-11-27,Eletrônicos,31.69,Dinheiro
454,2023-04-02,Eletrônicos,157.55,Dinheiro
455,2022-12-14,Limpeza,148.27,Cartão de Crédito
456,2023-10-20,Eletrônicos,29.05,Pix
457,2022-03-26,Limpeza,19.93,Dinheiro
458,2023-05-25,Limpeza,163.7,Dinheiro
459,2022-05-29,Limpeza,45.49,Dinheiro
460,2023-09-27,Bebidas,185.18,Dinheiro
461,2023-06-23,Eletrônicos,35.76,Dinheiro
462,2022-08-23,Bebidas,191.18,Boleto
463,2022-04-12,Limpeza,137.44,Pix
464,2023-08-17,Limpeza,184.72,Boleto
465,2022-11-04,Bebidas,178.48,Boleto
466,2022-01-31,Eletrônicos,21.97,Cartão de Crédito
467,2023-05-28,Limpeza,51.74,Boleto
468,2024-01-09,Eletrônicos,138.28,Dinheiro
469,2023-03-27,Limpeza,51.55,Cartão de Crédito
470,2022-04-01,Alimentos,83.4,Pix
471,2022-06-25,Limpeza,169.88,Boleto
472,2023-09-16,Limpeza,171.99,Cartão de Crédito
473,2023-12-30,Alimentos,14.01,Boleto
474,2022-06-10,Higiene,177.66,Boleto
475,2023-09-03,Bebidas,113.46,Pix
476,2023-08-16,Limpeza,197.73,Pix
477,2023-05-30,Higiene,133.64,Dinheiro
478,2023-03-03,Higiene,109.22,Dinheiro
479,2022-09-30,Eletrônicos,72.62,Pix
480,2023-12-17,Eletrônicos,179.03,Dinheiro
481,2022-11-05,Limpeza,97.23,Boleto
482,2023-12-21,Limpeza,34.13,Pix
483,2022-08-01,Eletrônicos,95.24,Cartão de Crédito
484,2022-07-31,Eletrônicos,71.24,Cartão de Crédito
485,2023-06-29,Limpeza,148.8,Dinheiro
486,2023-04-05,Limpeza,162.0,Cartão de Crédito
487,2023-10-31,Higiene,37.6,Dinheiro
488,2022-05-25,Alimentos,103.4,Dinheiro
489,2022-03-25,Limpeza,41.44,Cartão de Crédito
490,2023-07-24,Higiene,23.28,Boleto
491,2023-05-24,Eletrônicos,118.28,Cartão de Crédito
492,2022-07-15,Alimentos,180.51,Cartão de Crédito
493,2023-01-26,Bebidas,85.31,Boleto
494,2023-07-17,Limpeza,191.18,Cartão de Crédito
495,2023-10-19,Limpeza,190.74,Dinheiro
496,2022-03-17,Alimentos,138.87,Boleto
497,2022-02-28,Bebidas,45.32,Dinheiro
498,2022-10-11,Eletrônicos,137.28,Cartão de Crédito
499,2022-10-01,Limpeza,36.92,Pix
500,2022-03-24,Eletrônicos,23.71,Boleto
501,2023-03-11,Bebidas,5.44,Boleto
502,2023-06-24,Eletrônicos,137.06,Pix
503,2022-11-26,Alimentos,8.08,Dinheiro
504,2022-05-20,Higiene,20.77,Cartão de Crédito
505,2023-12-08,Limpeza,10.38,Cartão de Crédito
506,2022-08-03,Bebidas,6.14,Dinheiro
507,2023-03-25,Eletrônicos,75.71,Dinheiro
508,2022-09-30,Limpeza,34.1,Boleto
509,2022-10-19,Limpeza,18.69,Dinheiro
510,2022-02-16,Bebidas,40.53,Pix
511,2022-10-08,Bebidas,58.33,Pix
512,2023-01-08,Limpeza,102.73,Boleto
513,2023-04-15,Eletrônicos,154.58,Pix
514,2023-12-07,Limpeza,102.07,Dinheiro
515,2022-04-25,Eletrônicos,85.28,Boleto
516,2022-11-11,Higiene,171.72,Cartão de Crédito
517,2022-12-28,Limpeza,143.14,Cartão de Crédito
518,2023-09-07,Bebidas,132.17,Boleto
519,2023-04-09,Alimentos,58.91,Cartão de Crédito
520,2023-08-31,Eletrônicos,72.78,Boleto
521,2022-07-18,Alimentos,30.65,Dinheiro
522,2024-01-05,Higiene,49.62,Pix
523,2023-09-25,Alimentos,38.12,Pix
524,2022-01-24,Eletrônicos,149.18,Cartão de Crédito
525,2022-11-30,Higiene,63.64,Pix
526,2022-08-04,Bebidas,138.78,Dinheiro
527,2022-10-22,Alimentos,194.69,Dinheiro
528,2023-07-06,Alimentos,100.01,Dinheiro
529,2023-06-14,Higiene,149.92,Boleto
530,2023-06-29,Eletrônicos,33.31,Boleto
531,2023-03-08,Bebidas,30.73,Boleto
532,2022-08-27,Alimentos,52.1,Pix
533,2023-02-22,Alimentos,48.41,Dinheiro
534,2022-09-01,Eletrônicos,160.14,Dinheiro
535,2022-11-09,Eletrônicos,84.66,Boleto
536,2023-03-18,Eletrônicos,128.62,Cartão de Crédito
537,2022-01-28,Higiene,176.85,Dinheiro
538,2023-01-04,Limpeza,149.37,Dinheiro
539,2023-04-19,Higiene,188.8,Dinheiro
540,2023-10-27,Higiene,144.18,Cartão de Crédito
541,2023-09-13,Bebidas,19.18,Dinheiro
542,2022-07-16,Eletrônicos,90.93,Pix
543,2022-09-17,Limpeza,37.59,Boleto
544,2023-10-21,Alimentos,74.84,Dinheiro
545,2022-06-22,Higiene,137.46,Pix
546,2022-04-10,Eletrônicos,66.4,Boleto
547,2023-11-12,Eletrônicos,6.42,Boleto
548,2022-12-30,Alimentos,174.9,Boleto
549,2022-02-14,Higiene,106.76,Cartão de Crédito
550,2022-02-13,Eletrônicos,168.34,Cartão de Crédito
551,2023-08-04,Limpeza,108.35,Cartão de Crédito
552,2022-06-04,Bebidas,179.73,Pix
553,2023-11-07,Bebidas,66.24,Pix
554,2023-09-03,Higiene,68.11,Boleto
555,2023-11-16,Higiene,9.48,Dinheiro
556,2022-09-04,Alimentos,39.26,Cartão de Crédito
557,2023-02-15,Alimentos,50.86,Dinheiro
558,2023-09-05,Limpeza,40.25,Cartão de Crédito
559,2023-06-02,Alimentos,31.35,Cartão de Crédito
560,2022-09-23,Higiene,85.1,Pix
561,2022-04-07,Limpeza,31.6,Pix
562,2023-10-26,Eletrônicos,47.21,Pix
563,2023-10-10,Higiene,166.31,Boleto
564,2023-07-06,Higiene,183.69,Dinheiro
565,2022-02-18,Alimentos,199.75,Cartão de Crédito
566,2022-06-06,Bebidas,85.16,Pix
567,2022-08-09,Alimentos,137.44,Dinheiro
568,2022-01-29,Limpeza,175.03,Boleto
569,2023-09-17,Limpeza,86.28,Dinheiro
570,2022-07-31,Alimentos,152.36,Dinheiro
571,2022-05-19,Limpeza,119.96,Cartão de Crédito
572,2022-12-31,Higiene,193.85,Pix
573,2022-08-14,Limpeza,78.63,Boleto
574,2023-07-30,Eletrônicos,101.02,Cartão de Crédito
575,2023-11-06,Eletrônicos,41.69,Pix
576,2023-02-22,Alimentos,36.07,Pix
577,2022-10-13,Higiene,45.54,Dinheiro
578,2022-05-15,Eletrônicos,93.55,Dinheiro
579,2022-10-09,Limpeza,33.47,Pix
580,2022-11-20,Alimentos,100.47,Dinheiro
581,2023-07-23,Limpeza,28.32,Dinheiro
582,2023-03-19,Bebidas,42.38,Boleto
583,2022-09-26,Higiene,18.68,Dinheiro
584,2023-11-18,Eletrônicos,101.78,Boleto
585,2023-12-03,Eletrônicos,26.97,Boleto
586,2023-12-31,Bebidas,175.16,Dinheiro
587,2022-05-04,Bebidas,176.64,Dinheiro
588,2023-03-03,Eletrônicos,29.95,Dinheiro
589,2023-04-11,Eletrônicos,43.2,Pix
590,2022-07-15,Limpeza,46.37,Dinheiro
591,2022-08-27,Alimentos,37.95,Pix
592,2022-03-11,Bebidas,185.43,Pix
593,2023-06-10,Alimentos,188.28,Cartão de Crédito
594,2023-11-28,Alimentos,90.59,Dinheiro
595,2022-02-21,Higiene,117.89,Pix
596,2023-11-21,Limpeza,15.3,Dinheiro
597,2022-06-02,Higiene,13.12,Cartão de Crédito
598,2022-11-15,Higiene,129.96,Boleto
599,2023-09-13,Eletrônicos,173.34,Pix
600,2022-05-27,Eletrônicos,80.24,Cartão de Crédito
601,2023-05-15,Limpeza,137.99,Pix
602,2023-04-15,Eletrônicos,199.92,Cartão de Crédito
603,2023-07-22,Eletrônicos,165.87,Cartão de Crédito
604,2022-05-01,Limpeza,14.38,Pix
605,2023-06-13,Limpeza,126.05,Boleto
606,2024-01-06,Alimentos,165.05,Pix
607,2023-10-29,Alimentos,9.87,Dinheiro
608,2022-07-29,Higiene,39.56,Dinheiro
609,2022-04-22,Limpeza,76.13,Dinheiro
610,2022-09-15,Limpeza,13.72,Dinheiro
611,2024-01-14,Eletrônicos,97.87,Cartão de Crédito
612,2023-07-03,Limpeza,79.38,Dinheiro
613,2022-02-17,Bebidas,105.95,Dinheiro
614,2023-01-06,Higiene,142.55,Dinheiro
615,2022-09-30,Limpeza,104.32,Pix
616,2022-09-22,Limpeza,20.15,Cartão de Crédito
617,2024-01-18,Eletrônicos,6.11,Pix
618,2022-05-13,Eletrônicos,147.04,Boleto
619,2022-09-17,Limpeza,127.09,Dinheiro
620,2022-03-22,Bebidas,103.38,Cartão de Crédito
621,2023-06-25,Alimentos,170.94,Cartão de Crédito
622,2023-05-24,Eletrônicos,93.16,Pix
623,2023-05-02,Eletrônicos,159.38,Dinheiro
624,2023-04-23,Alimentos,90.66,Dinheiro
625,2022-01-25,Bebidas,14.32,Boleto
626,2023-11-16,Limpeza,92.8,Cartão de Crédito
627,2023-12-24,Limpeza,80.06,Dinheiro
628,2022-12-30,Eletrônicos,197.15,Cartão de Crédito
629,2023-09-17,Alimentos,170.78,Boleto
630,2023-07-10,Higiene,20.92,Dinheiro
631,2023-03-05,Bebidas,158.22,Cartão de Crédito
632,2022-06-22,Alimentos,50.24,Boleto
633,2022-09-10,Bebidas,124.83,Dinheiro
634,2023-02-01,Eletrônicos,122.78,Pix
635,2023-03-19,Alimentos,24.6,Boleto
636,2023-10-10,Bebidas,109.94,Dinheiro
637,2023-02-16,Limpeza,66.2,Cartão de Crédito
638,2022-05-06,Limpeza,92.29,Pix
639,2022-07-15,Higiene,52.03,Boleto
640,2022-10-12,Eletrônicos,176.99,Pix
641,2022-05-07,Eletrônicos,32.74,Boleto
642,2022-06-18,Higiene,75.17,Dinheiro
643,2022-10-04,Eletrônicos,119.75,Boleto
644,2023-05-31,Alimentos,12.65,Cartão de Crédito
645,2022-06-23,Higiene,44.85,Boleto
646,2023-09-20,Alimentos,142.49,Dinheiro
647,2022-02-08,Alimentos,82.52,Cartão de Crédito
648,2022-04-28,Limpeza,70.09,Dinheiro
649,2022-07-31,Limpeza,136.49,Pix
650,2022-06-07,Alimentos,167.29,Cartão de Crédito
651,2022-11-18,Limpeza,19.99,Dinheiro
652,2022-07-17,Limpeza,91.78,Pix
653,2022-11-18,Higiene,93.21,Dinheiro
654,2022-12-06,Limpeza,84.52,Boleto
655,2022-11-06,Alimentos,130.75,Pix
656,2023-11-29,Higiene,22.95,Pix
657,2023-11-04,Alimentos,105.53,Dinheiro
658,2023-07-26,Higiene,89.06,Boleto
659,2022-08-16,Bebidas,37.5,Cartão de Crédito
660,2022-05-11,Limpeza,77.9,Pix
661,2022-07-22,Alimentos,159.47,Pix
662,2023-08-24,Eletrônicos,150.61,Cartão de Crédito
663,2022-08-25,Alimentos,161.41,Cartão de Crédito
664,2023-01-19,Alimentos,5.52,Cartão de Crédito
665,2023-04-14,Eletrônicos,13.13,Boleto
666,2022-08-16,Bebidas,126.96,Cartão de Crédito
667,2023-11-18,Higiene,71.51,Pix
668,2023-07-31,Eletrônicos,180.96,Dinheiro
669,2023-10-06,Limpeza,7.62,Pix
670,2022-10-04,Alimentos,91.13,Dinheiro
671,2022-05-29,Eletrônicos,180.8,Cartão de Crédito
672,2022-09-03,Alimentos,103.98,Pix
673,2023-04-07,Alimentos,169.32,Dinheiro
674,2022-10-27,Eletrônicos,115.3,Pix
675,2022-12-04,Limpeza,180.21,Cartão de Crédito
676,2022-02-10,Alimentos,78.1,Pix
677,2023-10-27,Eletrônicos,56.86,Dinheiro
678,2022-08-15,Eletrônicos,119.85,Dinheiro
679,2022-05-09,Limpeza,191.19,Cartão de Crédito
680,2022-06-03,Higiene,15.78,Boleto
681,2023-05-28,Bebidas,160.37,Pix
682,2023-09-26,Higiene,69.9,Dinheiro
683,2023-12-15,Alimentos,180.13,Pix
684,2023-12-26,Eletrônicos,88.4,Cartão de Crédito
685,2023-12-13,Limpeza,127.46,Cartão de Crédito
686,2022-05-31,Eletrônicos,77.28,Boleto
687,2023-10-27,Bebidas,10.69,Boleto
688,2022-02-07,Limpeza,77.21,Cartão de Crédito
689,2022-06-29,Alimentos,185.06,Dinheiro
690,2023-06-09,Eletrônicos,24.8,Boleto
691,2023-11-11,Eletrônicos,47.97,Boleto
692,2022-03-10,Alimentos,41.17,Pix
693,2023-12-31,Bebidas,86.73,Dinheiro
694,2024-01-04,Alimentos,22.45,Boleto
695,2022-09-09,Limpeza,37.34,Cartão de Crédito
696,2023-12-13,Limpeza,185.31,Boleto
697,2022-07-13,Alimentos,31.91,Cartão de Crédito
698,2023-05-22,Alimentos,117.14,Dinheiro
699,2022-11-15,Eletrônicos,117.26,Pix
700,2022-07-10,Eletrônicos,26.72,Cartão de Crédito
701,2022-02-26,Bebidas,135.9,Cartão de Crédito
702,2023-12-01,Higiene,91.92,Cartão de Crédito
703,2022-01-27,Alimentos,39.04,Dinheiro
704,2023-04-24,Higiene,45.82,Dinheiro
705,2023-01-22,Limpeza,56.09,Boleto
706,2022-03-29,Limpeza,171.7,Dinheiro
707,2022-07-19,Alimentos,104.67,Cartão de Crédito
708,2022-02-13,Limpeza,192.33,Dinheiro
709,2022-11-02,Limpeza,154.67,Boleto
710,2022-10-16,Alimentos,96.26,Cartão de Crédito
711,2023-08-10,Alimentos,161.99,Pix
712,2022-05-02,Limpeza,12.91,Boleto
713,2022-07-14,Limpeza,129.18,Cartão de Crédito
714,2023-08-20,Alimentos,83.0,Pix
715,2023-08-15,Higiene,8.68,Dinheiro
716,2022-04-08,Eletrônicos,39.33,Pix
717,2022-10-04,Higiene,42.13,Dinheiro
718,2022-04-17,Limpeza,20.03,Boleto
719,2022-03-30,Higiene,185.34,Dinheiro
720,2023-09-19,Higiene,40.54,Boleto
721,2022-10-24,Eletrônicos,166.05,Pix
722,2023-03-19,Higiene,119.93,Boleto
723,2023-02-22,Higiene,187.58,Boleto
724,2022-02-22,Eletrônicos,133.54,Dinheiro
725,2022-09-17,Eletrônicos,127.91,Pix
726,2023-11-07,Higiene,156.11,Boleto
727,2023-07-24,Limpeza,150.32,Pix
728,2024-01-12,Alimentos,23.94,Dinheiro
729,2022-04-06,Eletrônicos,33.31,Pix
730,2022-08-03,Limpeza,109.1,Boleto
731,2022-07-25,Bebidas,19.57,Pix
732,2023-08-01,Bebidas,175.43,Boleto
733,2023-06-25,Limpeza,169.9,Pix
734,2023-07-23,Limpeza,21.8,Cartão de Crédito
735,2023-07-18,Eletrônicos,35.85,Boleto
736,2023-04-07,Bebidas,39.7,Pix
737,2023-08-02,Alimentos,75.93,Boleto
738,2022-03-07,Higiene,170.51,Dinheiro
739,2022-04-18,Eletrônicos,166.75,Pix
740,2022-02-05,Alimentos,148.49,Boleto
741,2023-10-10,Limpeza,127.26,Boleto
742,2022-03-24,Limpeza,16.22,Dinheiro
743,2022-03-16,Limpeza,188.49,Dinheiro
744,2023-04-29,Limpeza,172.99,Pix
745,2022-05-06,Higiene,62.29,Pix
746,2023-04-18,Alimentos,184.26,Pix
747,2022-02-02,Alimentos,136.6,Dinheiro
748,2023-12-08,Bebidas,199.16,Cartão de Crédito
749,2022-07-08,Higiene,34.69,Cartão de Crédito
750,2022-09-02,Higiene,39.17,Pix
751,2023-01-14,Alimentos,52.61,Pix
752,2023-04-28,Limpeza,78.28,Pix
753,2023-02-04,Limpeza,137.81,Pix
754,2023-05-23,Eletrônicos,9.72,Dinheiro
755,2023-10-02,Limpeza,21.52,Boleto
756,2023-07-09,Eletrônicos,140.82,Dinheiro
757,2023-02-13,Alimentos,172.05,Boleto
758,2023-03-24,Limpeza,56.82,Pix
759,2023-07-01,Alimentos,170.96,Boleto
760,2023-10-17,Bebidas,172.15,Dinheiro
761,2024-01-05,Limpeza,154.42,Boleto
762,2022-08-21,Limpeza,85.45,Pix
763,2023-04-08,Higiene,41.64,Pix
764,2022-10-01,Eletrônicos,73.24,Dinheiro
765,2023-07-15,Higiene,114.36,Boleto
766,2022-03-20,Limpeza,32.9,Pix
767,2023-06-08,Alimentos,41.73,Cartão de Crédito
768,2022-08-10,Alimentos,58.74,Boleto
769,2022-03-28,Limpeza,177.47,Dinheiro
770,2023-11-03,Eletrônicos,106.98,Cartão de Crédito
771,2023-05-24,Bebidas,16.18,Dinheiro
772,2023-03-22,Higiene,96.06,Cartão de Crédito
773,2022-02-24,Bebidas,197.37,Dinheiro
774,2022-06-27,Eletrônicos,70.09,Pix
775,2022-11-01,Eletrônicos,133.56,Cartão de Crédito
776,2022-08-18,Higiene,11.36,Cartão de Crédito
777,2022-02-27,Bebidas,6.25,Cartão de Crédito
778,2023-05-19,Bebidas,53.7,Cartão de Crédito
779,2022-11-18,Higiene,95.12,Pix
780,2023-07-19,Bebidas,180.64,Boleto
781,2023-02-27,Bebidas,110.05,Boleto
782,2023-05-31,Eletrônicos,141.75,Cartão de Crédito
783,2022-01-23,Alimentos,167.71,Pix
784,2023-11-24,Alimentos,23.37,Cartão de Crédito
785,2022-07-12,Higiene,106.66,Dinheiro
786,2022-09-20,Bebidas,162.79,Cartão de Crédito
787,2023-03-03,Alimentos,13.84,Dinheiro
788,2022-02-14,Bebidas,143.97,Cartão de Crédito
789,2022-03-27,Bebidas,49.12,Pix
790,2022-02-23,Alimentos,189.03,Pix
791,2022-08-29,Alimentos,108.38,Cartão de Crédito
792,2023-09-19,Higiene,168.7,Boleto
793,2023-05-12,Limpeza,49.25,Pix
794,2024-01-03,Higiene,120.91,Dinheiro
795,2022-03-16,Bebidas,49.49,Dinheiro
796,2023-08-05,Eletrônicos,34.56,Cartão de Crédito
797,2023-01-05,Eletrônicos,77.22,Dinheiro
798,2022-06-03,Limpeza,76.53,Boleto
799,2022-01-31,Limpeza,27.3,Dinheiro
800,2022-06-02,Limpeza,197.8,Pix
801,2022-02-28,Eletrônicos,140.98,Cartão de Crédito
802,2023-02-13,Limpeza,141.0,Pix
803,2023-11-04,Alimentos,129.76,Pix
804,2022-04-17,Bebidas,73.04,Dinheiro
805,2023-08-23,Alimentos,86.19,Cartão de Crédito
806,2023-01-25,Higiene,102.29,Pix
807,2023-01-18,Bebidas,68.08,Pix
808,2022-02-02,Eletrônicos,86.85,Cartão de Crédito
809,2023-10-06,Bebidas,79.89,Boleto
810,2023-04-03,Eletrônicos,148.44,Pix
811,2022-05-16,Higiene,160.72,Pix
812,2023-09-30,Higiene,99.48,Dinheiro
813,2023-05-08,Alimentos,113.57,Dinheiro
814,2023-07-28,Bebidas,105.7,Dinheiro
815,2023-04-26,Eletrônicos,105.76,Boleto
816,2022-03-30,Alimentos,50.8,Cartão de Crédito
817,2022-05-22,Eletrônicos,101.24,Cartão de Crédito
818,2023-06-06,Limpeza,142.26,Cartão de Crédito
819,2022-11-17,Limpeza,113.49,Boleto
820,2023-03-12,Eletrônicos,171.0,Boleto
821,2023-03-18,Higiene,31.79,Boleto
822,2023-05-11,Bebidas,7.05,Pix
823,2023-09-13,Higiene,134.46,Dinheiro
824,2023-06-17,Alimentos,54.79,Boleto
825,2023-05-18,Bebidas,138.53,Boleto
826,2023-09-18,Limpeza,15.36,Cartão de Crédito
827,2023-12-10,Bebidas,123.48,Cartão de Crédito
828,2023-01-18,Bebidas,6.05,Dinheiro
829,2023-07-08,Bebidas,107.79,Cartão de Crédito
830,2022-09-22,Alimentos,75.5,Cartão de Crédito
831,2022-08-19,Limpeza,10.39,Pix
832,2022-02-13,Limpeza,126.06,Cartão de Crédito
833,2022-05-09,Higiene,7.26,Dinheiro
834,2023-07-08,Bebidas,192.45,Dinheiro
835,2023-05-10,Bebidas,168.82,Dinheiro
836,2022-11-21,Bebidas,187.95,Pix
837,2024-01-06,Alimentos,86.44,Dinheiro
838,2023-12-21,Eletrônicos,24.95,Boleto
839,2022-09-30,Limpeza,104.75,Pix
840,2023-05-22,Alimentos,44.77,Boleto
841,2022-02-12,Alimentos,155.61,Dinheiro
842,2023-12-31,Eletrônicos,55.12,Boleto
843,2022-07-07,Eletrônicos,50.58,Pix
844,2024-01-13,Limpeza,89.32,Boleto
845,2023-06-14,Limpeza,119.59,Pix
846,2023-05-14,Limpeza,61.47,Dinheiro
847,2022-05-19,Alimentos,107.34,Dinheiro
848,2023-05-19,Higiene,118.14,Pix
849,2022-09-25,Alimentos,166.98,Dinheiro
850,2023-07-04,Limpeza,62.39,Pix
851,2022-11-16,Higiene,199.55,Pix
852,2023-01-09,Alimentos,128.5,Pix
853,2023-11-07,Bebidas,138.79,Boleto
854,2022-09-29,Bebidas,108.16,Boleto
855,2023-11-22,Eletrônicos,49.59,Boleto
856,2023-02-24,Alimentos,153.61,Dinheiro
857,2023-02-03,Alimentos,75.68,Boleto
858,2023-04-06,Alimentos,134.87,Pix
859,2022-04-09,Limpeza,86.9,Boleto
860,2022-08-15,Eletrônicos,188.59,Boleto
861,2022-04-29,Alimentos,14.32,Pix
862,2023-04-03,Alimentos,154.09,Dinheiro
863,2023-02-19,Eletrônicos,167.83,Dinheiro
864,2022-06-06,Higiene,195.05,Pix
865,2022-07-07,Bebidas,47.43,Cartão de Crédito
866,2022-11-29,Alimentos,150.8,Cartão de Crédito
867,2022-11-11,Limpeza,99.85,Pix
868,2023-04-02,Bebidas,161.97,Boleto
869,2023-01-29,Alimentos,11.85,Dinheiro
870,2023-04-12,Bebidas,7.08,Pix
871,2023-05-21,Eletrônicos,10.43,Cartão de Crédito
872,2023-12-03,Bebidas,141.44,Pix
873,2022-12-18,Higiene,141.33,Pix
874,2023-02-17,Eletrônicos,193.93,Dinheiro
875,2023-03-25,Eletrônicos,116.34,Dinheiro
876,2023-05-18,Limpeza,149.74,Boleto
877,2022-06-27,Higiene,79.51,Pix
878,2023-06-14,Limpeza,75.27,Boleto
879,2022-06-11,Alimentos,193.76,Cartão de Crédito
880,2023-02-26,Bebidas,163.23,Dinheiro
881,2022-05-31,Higiene,64.85,Boleto
882,2023-06-01,Higiene,158.08,Boleto
883,2022-07-10,Bebidas,169.14,Boleto
884,2023-04-12,Bebidas,134.83,Boleto
885,2023-01-27,Higiene,47.29,Dinheiro
886,2023-01-02,Higiene,71.62,Pix
887,2022-10-23,Eletrônicos,61.99,Cartão de Crédito
888,2022-09-30,Bebidas,27.59,Dinheiro
889,2022-08-20,Bebidas,155.21,Pix
890,2023-02-17,Bebidas,112.24,Cartão de Crédito
891,2023-09-30,Alimentos,76.8,Dinheiro
892,2022-12-03,Bebidas,47.02,Dinheiro
893,2023-06-04,Limpeza,120.26,Boleto
894,2022-09-25,Eletrônicos,80.86,Cartão de Crédito
895,2022-12-28,Bebidas,18.85,Pix
896,2022-02-28,Bebidas,29.74,Boleto
897,2022-11-11,Eletrônicos,61.31,Cartão de Crédito
898,2022-07-26,Eletrônicos,185.49,Cartão de Crédito
899,2023-08-28,Higiene,44.78,Dinheiro
900,2023-06-24,Limpeza,178.18,Cartão de Crédito
901,2022-07-23,Limpeza,176.66,Pix
902,2022-08-18,Eletrônicos,195.99,Pix
903,2023-10-26,Limpeza,124.38,Pix
904,2022-08-28,Limpeza,140.48,Pix
905,2023-05-09,Higiene,113.35,Pix
906,2022-02-01,Higiene,138.42,Boleto
907,2022-07-06,Limpeza,6.84,Pix
908,2023-12-08,Limpeza,106.36,Pix
909,2023-10-06,Limpeza,169.44,Cartão de Crédito
910,2022-08-29,Bebidas,9.73,Pix
911,2023-08-04,Alimentos,91.83,Cartão de Crédito
912,2022-04-17,Limpeza,154.23,Boleto
913,2023-01-01,Eletrônicos,50.53,Boleto
914,2023-04-11,Alimentos,114.26,Dinheiro
915,2023-05-26,Higiene,67.36,Boleto
916,2023-03-20,Alimentos,19.42,Boleto
917,2022-11-19,Alimentos,109.07,Pix
918,2022-11-24,Higiene,57.75,Boleto
919,2023-01-06,Higiene,174.71,Pix
920,2022-10-20,Alimentos,6.13,Dinheiro
921,2022-09-09,Higiene,27.68,Dinheiro
922,2022-09-07,Limpeza,101.74,Cartão de Crédito
923,2022-07-12,Bebidas,113.9,Boleto
924,2022-12-11,Higiene,47.26,Pix
925,2022-02-03,Bebidas,144.51,Dinheiro
926,2022-12-19,Bebidas,29.97,Boleto
927,2022-04-20,Alimentos,35.05,Boleto
928,2022-10-22,Eletrônicos,142.81,Boleto
929,2023-03-22,Alimentos,148.47,Dinheiro
930,2024-01-01,Higiene,23.05,Dinheiro
931,2023-07-05,Eletrônicos,43.09,Cartão de Crédito
932,2022-09-21,Limpeza,167.58,Boleto
933,2022-11-08,Higiene,193.08,Dinheiro
934,2023-08-21,Eletrônicos,65.83,Pix
935,2022-06-08,Limpeza,5.24,Pix
936,2022-08-01,Bebidas,168.75,Dinheiro
937,2023-11-24,Higiene,174.7,Dinheiro
938,2022-12-24,Eletrônicos,165.64,Dinheiro
939,2023-11-10,Eletrônicos,199.52,Boleto
940,2022-06-13,Eletrônicos,13.91,Dinheiro
941,2022-11-29,Higiene,17.2,Boleto
942,2023-05-16,Alimentos,191.19,Pix
943,2023-08-01,Bebidas,78.15,Cartão de Crédito
944,2023-02-11,Alimentos,51.59,Pix
945,2023-02-19,Alimentos,132.33,Boleto
946,2022-07-22,Higiene,102.38,Pix
947,2023-04-16,Higiene,80.47,Dinheiro
948,2022-04-24,Bebidas,19.2,Cartão de Crédito
949,2023-06-08,Alimentos,77.81,Dinheiro
950,2023-06-03,Eletrônicos,108.82,Dinheiro
951,2022-09-08,Alimentos,81.72,Boleto
952,2022-02-13,Alimentos,161.23,Pix
953,2023-03-18,Alimentos,139.93,Pix
954,2022-06-04,Eletrônicos,152.8,Dinheiro
955,2022-04-28,Bebidas,52.26,Cartão de Crédito
956,2022-09-10,Alimentos,184.94,Cartão de Crédito
957,2023-05-11,Eletrônicos,47.46,Dinheiro
958,2022-05-19,Alimentos,152.82,Boleto
959,2022-06-22,Alimentos,166.69,Cartão de Crédito
960,2022-09-09,Limpeza,44.99,Dinheiro
961,2022-12-05,Bebidas,197.21,Boleto
962,2023-03-02,Alimentos,58.41,Cartão de Crédito
963,2022-03-02,Alimentos,76.28,Cartão de Crédito
964,2022-09-12,Higiene,32.49,Pix
965,2022-07-10,Eletrônicos,21.51,Pix
966,2023-02-22,Eletrônicos,61.33,Pix
967,2023-01-20,Alimentos,168.04,Cartão de Crédito
968,2024-01-18,Bebidas,102.96,Pix
969,2022-04-26,Limpeza,193.39,Boleto
970,2023-10-17,Higiene,176.81,Boleto
971,2023-08-05,Higiene,43.85,Boleto
972,2023-06-19,Eletrônicos,139.12,Cartão de Crédito
973,2022-01-26,Eletrônicos,75.07,Boleto
974,2022-08-27,Eletrônicos,128.2,Cartão de Crédito
975,2022-11-13,Bebidas,62.43,Boleto
976,2023-11-06,Alimentos,190.9,Cartão de Crédito
977,2022-11-05,Higiene,136.76,Pix
978,2022-07-01,Alimentos,30.76,Pix
979,2023-03-09,Limpeza,185.18,Cartão de Crédito
980,2023-12-23,Eletrônicos,41.55,Cartão de Crédito
981,2023-05-25,Limpeza,30.05,Pix
982,2023-10-23,Limpeza,99.51,Dinheiro
983,2022-09-29,Bebidas,188.71,Dinheiro
984,2023-10-23,Higiene,104.74,Cartão de Crédito
985,2023-12-23,Higiene,19.17,Dinheiro
986,2022-06-29,Bebidas,19.89,Cartão de Crédito
987,2022-05-04,Alimentos,176.55,Boleto
988,2023-09-19,Limpeza,69.32,Boleto
989,2022-03-09,Limpeza,195.55,Dinheiro
990,2022-08-17,Bebidas,160.54,Cartão de Crédito
991,2023-07-20,Alimentos,26.75,Boleto
992,2023-04-01,Higiene,150.39,Dinheiro
993,2023-04-04,Alimentos,193.28,Pix
994,2023-12-16,Higiene,185.09,Boleto
995,2022-05-17,Eletrônicos,141.36,Pix
996,2023-11-16,Limpeza,107.36,Boleto
997,2022-09-15,Alimentos,177.29,Cartão de Crédito
998,2024-01-15,Limpeza,191.37,Dinheiro
999,2023-04-12,Eletrônicos,122.61,Pix
